Date,Page views,Site sessions,Unique visitors
2025-02-05,28,18,18
2025-02-06,466,22,21
2025-02-07,52,15,15
2025-02-08,67,21,20
2025-02-09,51,25,20
2025-02-10,59,33,32
2025-02-11,79,37,32
2025-02-12,62,26,25
2025-02-13,33,19,16
2025-02-14,23,15,15
2025-02-15,74,21,21
2025-02-16,30,15,14
2025-02-17,58,17,15
2025-02-18,50,26,20
2025-02-19,75,29,26
2025-02-20,90,34,24
2025-02-21,44,21,17
2025-02-22,66,22,18
2025-02-23,85,29,26
2025-02-24,37,17,16
2025-02-25,64,29,28
2025-02-26,59,29,25
2025-02-27,42,21,19
2025-02-28,33,20,19
2025-03-01,73,18,18
2025-03-02,61,23,21
2025-03-03,189,73,66
2025-03-04,88,35,34
2025-03-05,61,23,22
2025-03-06,72,35,34
